,0,1,2,3,4,5
0,Range=55-74,ID=id-NC_045512.2:1..265;gbkey=5'UTR,,,,
1,Range=76-240,ID=id-NC_045512.2:1..265;gbkey=5'UTR,,,,
2,Range=242-1058,,,,,
3,Range=1060-1396,ID=gene-GU280_gp01;Dbxref=GeneID:43740578;Name=ORF1ab;gbkey=Gene;gene=ORF1ab;gene_biotype=protein_coding;locus_tag=GU280_gp01,"ID=cds-YP_009724389.1;Parent=gene-GU280_gp01;Dbxref=Genbank:YP_009724389.1,GeneID:43740578;Name=YP_009724389.1;Note=pp1ab%3B translated by -1 ribosomal frameshift;exception=ribosomal slippage;gbkey=CDS;gene=ORF1ab;locus_tag=GU280_gp01;part=1;product=ORF1ab polyprotein;protein_id=YP_009724389.1",ID=id-YP_009724389.1:181..818;Note=produced by both pp1a and pp1ab;Parent=cds-YP_009724389.1;gbkey=Prot;product=nsp2;protein_id=YP_009725298.1,"ID=cds-YP_009725295.1;Parent=gene-GU280_gp01;Dbxref=Genbank:YP_009725295.1,GeneID:43740578;Name=YP_009725295.1;Note=pp1a;gbkey=CDS;gene=ORF1ab;locus_tag=GU280_gp01;product=ORF1a polyprotein;protein_id=YP_009725295.1",ID=id-YP_009725295.1:181..818;Note=produced by both pp1a and pp1ab;Parent=cds-YP_009725295.1;gbkey=Prot;product=nsp2;protein_id=YP_009742609.1
4,Range=1398-1721,ID=gene-GU280_gp01;Dbxref=GeneID:43740578;Name=ORF1ab;gbkey=Gene;gene=ORF1ab;gene_biotype=protein_coding;locus_tag=GU280_gp01,"ID=cds-YP_009724389.1;Parent=gene-GU280_gp01;Dbxref=Genbank:YP_009724389.1,GeneID:43740578;Name=YP_009724389.1;Note=pp1ab%3B translated by -1 ribosomal frameshift;exception=ribosomal slippage;gbkey=CDS;gene=ORF1ab;locus_tag=GU280_gp01;part=1;product=ORF1ab polyprotein;protein_id=YP_009724389.1",ID=id-YP_009724389.1:181..818;Note=produced by both pp1a and pp1ab;Parent=cds-YP_009724389.1;gbkey=Prot;product=nsp2;protein_id=YP_009725298.1,"ID=cds-YP_009725295.1;Parent=gene-GU280_gp01;Dbxref=Genbank:YP_009725295.1,GeneID:43740578;Name=YP_009725295.1;Note=pp1a;gbkey=CDS;gene=ORF1ab;locus_tag=GU280_gp01;product=ORF1a polyprotein;protein_id=YP_009725295.1",ID=id-YP_009725295.1:181..818;Note=produced by both pp1a and pp1ab;Parent=cds-YP_009725295.1;gbkey=Prot;product=nsp2;protein_id=YP_009742609.1
5,Range=1723-2142,ID=gene-GU280_gp01;Dbxref=GeneID:43740578;Name=ORF1ab;gbkey=Gene;gene=ORF1ab;gene_biotype=protein_coding;locus_tag=GU280_gp01,"ID=cds-YP_009724389.1;Parent=gene-GU280_gp01;Dbxref=Genbank:YP_009724389.1,GeneID:43740578;Name=YP_009724389.1;Note=pp1ab%3B translated by -1 ribosomal frameshift;exception=ribosomal slippage;gbkey=CDS;gene=ORF1ab;locus_tag=GU280_gp01;part=1;product=ORF1ab polyprotein;protein_id=YP_009724389.1",ID=id-YP_009724389.1:181..818;Note=produced by both pp1a and pp1ab;Parent=cds-YP_009724389.1;gbkey=Prot;product=nsp2;protein_id=YP_009725298.1,"ID=cds-YP_009725295.1;Parent=gene-GU280_gp01;Dbxref=Genbank:YP_009725295.1,GeneID:43740578;Name=YP_009725295.1;Note=pp1a;gbkey=CDS;gene=ORF1ab;locus_tag=GU280_gp01;product=ORF1a polyprotein;protein_id=YP_009725295.1",ID=id-YP_009725295.1:181..818;Note=produced by both pp1a and pp1ab;Parent=cds-YP_009725295.1;gbkey=Prot;product=nsp2;protein_id=YP_009742609.1
6,Range=2144-2394,ID=gene-GU280_gp01;Dbxref=GeneID:43740578;Name=ORF1ab;gbkey=Gene;gene=ORF1ab;gene_biotype=protein_coding;locus_tag=GU280_gp01,"ID=cds-YP_009724389.1;Parent=gene-GU280_gp01;Dbxref=Genbank:YP_009724389.1,GeneID:43740578;Name=YP_009724389.1;Note=pp1ab%3B translated by -1 ribosomal frameshift;exception=ribosomal slippage;gbkey=CDS;gene=ORF1ab;locus_tag=GU280_gp01;part=1;product=ORF1ab polyprotein;protein_id=YP_009724389.1",ID=id-YP_009724389.1:181..818;Note=produced by both pp1a and pp1ab;Parent=cds-YP_009724389.1;gbkey=Prot;product=nsp2;protein_id=YP_009725298.1,"ID=cds-YP_009725295.1;Parent=gene-GU280_gp01;Dbxref=Genbank:YP_009725295.1,GeneID:43740578;Name=YP_009725295.1;Note=pp1a;gbkey=CDS;gene=ORF1ab;locus_tag=GU280_gp01;product=ORF1a polyprotein;protein_id=YP_009725295.1",ID=id-YP_009725295.1:181..818;Note=produced by both pp1a and pp1ab;Parent=cds-YP_009725295.1;gbkey=Prot;product=nsp2;protein_id=YP_009742609.1
7,Range=2396-3010,ID=gene-GU280_gp01;Dbxref=GeneID:43740578;Name=ORF1ab;gbkey=Gene;gene=ORF1ab;gene_biotype=protein_coding;locus_tag=GU280_gp01,"ID=cds-YP_009724389.1;Parent=gene-GU280_gp01;Dbxref=Genbank:YP_009724389.1,GeneID:43740578;Name=YP_009724389.1;Note=pp1ab%3B translated by -1 ribosomal frameshift;exception=ribosomal slippage;gbkey=CDS;gene=ORF1ab;locus_tag=GU280_gp01;part=1;product=ORF1ab polyprotein;protein_id=YP_009724389.1","ID=cds-YP_009725295.1;Parent=gene-GU280_gp01;Dbxref=Genbank:YP_009725295.1,GeneID:43740578;Name=YP_009725295.1;Note=pp1a;gbkey=CDS;gene=ORF1ab;locus_tag=GU280_gp01;product=ORF1a polyprotein;protein_id=YP_009725295.1",,
8,Range=3012-3036,ID=gene-GU280_gp01;Dbxref=GeneID:43740578;Name=ORF1ab;gbkey=Gene;gene=ORF1ab;gene_biotype=protein_coding;locus_tag=GU280_gp01,"ID=cds-YP_009724389.1;Parent=gene-GU280_gp01;Dbxref=Genbank:YP_009724389.1,GeneID:43740578;Name=YP_009724389.1;Note=pp1ab%3B translated by -1 ribosomal frameshift;exception=ribosomal slippage;gbkey=CDS;gene=ORF1ab;locus_tag=GU280_gp01;part=1;product=ORF1ab polyprotein;protein_id=YP_009724389.1",ID=id-YP_009724389.1:819..2763;Note=former nsp1%3B conserved domains are: N-terminal acidic (Ac)%2C predicted phosphoesterase%2C papain-like proteinase%2C Y-domain%2C transmembrane domain 1 (TM1)%2C adenosine diphosphate-ribose 1''-phosphatase (ADRP)%3B produced by both pp1a and pp1ab;Parent=cds-YP_009724389.1;gbkey=Prot;product=nsp3;protein_id=YP_009725299.1,"ID=cds-YP_009725295.1;Parent=gene-GU280_gp01;Dbxref=Genbank:YP_009725295.1,GeneID:43740578;Name=YP_009725295.1;Note=pp1a;gbkey=CDS;gene=ORF1ab;locus_tag=GU280_gp01;product=ORF1a polyprotein;protein_id=YP_009725295.1",ID=id-YP_009725295.1:819..2763;Note=former nsp1%3B conserved domains are: N-terminal acidic (Ac)%2C predicted phosphoesterase%2C papain-like proteinase%2C Y-domain%2C transmembrane domain 1 (TM1)%2C adenosine diphosphate-ribose 1''-phosphatase (ADRP)%3B produced by both pp1a and pp1ab;Parent=cds-YP_009725295.1;gbkey=Prot;product=nsp3;protein_id=YP_009742610.1
9,Range=3038-4353,ID=gene-GU280_gp01;Dbxref=GeneID:43740578;Name=ORF1ab;gbkey=Gene;gene=ORF1ab;gene_biotype=protein_coding;locus_tag=GU280_gp01,"ID=cds-YP_009724389.1;Parent=gene-GU280_gp01;Dbxref=Genbank:YP_009724389.1,GeneID:43740578;Name=YP_009724389.1;Note=pp1ab%3B translated by -1 ribosomal frameshift;exception=ribosomal slippage;gbkey=CDS;gene=ORF1ab;locus_tag=GU280_gp01;part=1;product=ORF1ab polyprotein;protein_id=YP_009724389.1",ID=id-YP_009724389.1:819..2763;Note=former nsp1%3B conserved domains are: N-terminal acidic (Ac)%2C predicted phosphoesterase%2C papain-like proteinase%2C Y-domain%2C transmembrane domain 1 (TM1)%2C adenosine diphosphate-ribose 1''-phosphatase (ADRP)%3B produced by both pp1a and pp1ab;Parent=cds-YP_009724389.1;gbkey=Prot;product=nsp3;protein_id=YP_009725299.1,"ID=cds-YP_009725295.1;Parent=gene-GU280_gp01;Dbxref=Genbank:YP_009725295.1,GeneID:43740578;Name=YP_009725295.1;Note=pp1a;gbkey=CDS;gene=ORF1ab;locus_tag=GU280_gp01;product=ORF1a polyprotein;protein_id=YP_009725295.1",ID=id-YP_009725295.1:819..2763;Note=former nsp1%3B conserved domains are: N-terminal acidic (Ac)%2C predicted phosphoesterase%2C papain-like proteinase%2C Y-domain%2C transmembrane domain 1 (TM1)%2C adenosine diphosphate-ribose 1''-phosphatase (ADRP)%3B produced by both pp1a and pp1ab;Parent=cds-YP_009725295.1;gbkey=Prot;product=nsp3;protein_id=YP_009742610.1
10,Range=4355-5019,ID=gene-GU280_gp01;Dbxref=GeneID:43740578;Name=ORF1ab;gbkey=Gene;gene=ORF1ab;gene_biotype=protein_coding;locus_tag=GU280_gp01,"ID=cds-YP_009724389.1;Parent=gene-GU280_gp01;Dbxref=Genbank:YP_009724389.1,GeneID:43740578;Name=YP_009724389.1;Note=pp1ab%3B translated by -1 ribosomal frameshift;exception=ribosomal slippage;gbkey=CDS;gene=ORF1ab;locus_tag=GU280_gp01;part=1;product=ORF1ab polyprotein;protein_id=YP_009724389.1",ID=id-YP_009724389.1:819..2763;Note=former nsp1%3B conserved domains are: N-terminal acidic (Ac)%2C predicted phosphoesterase%2C papain-like proteinase%2C Y-domain%2C transmembrane domain 1 (TM1)%2C adenosine diphosphate-ribose 1''-phosphatase (ADRP)%3B produced by both pp1a and pp1ab;Parent=cds-YP_009724389.1;gbkey=Prot;product=nsp3;protein_id=YP_009725299.1,"ID=cds-YP_009725295.1;Parent=gene-GU280_gp01;Dbxref=Genbank:YP_009725295.1,GeneID:43740578;Name=YP_009725295.1;Note=pp1a;gbkey=CDS;gene=ORF1ab;locus_tag=GU280_gp01;product=ORF1a polyprotein;protein_id=YP_009725295.1",ID=id-YP_009725295.1:819..2763;Note=former nsp1%3B conserved domains are: N-terminal acidic (Ac)%2C predicted phosphoesterase%2C papain-like proteinase%2C Y-domain%2C transmembrane domain 1 (TM1)%2C adenosine diphosphate-ribose 1''-phosphatase (ADRP)%3B produced by both pp1a and pp1ab;Parent=cds-YP_009725295.1;gbkey=Prot;product=nsp3;protein_id=YP_009742610.1
11,Range=5021-6335,ID=gene-GU280_gp01;Dbxref=GeneID:43740578;Name=ORF1ab;gbkey=Gene;gene=ORF1ab;gene_biotype=protein_coding;locus_tag=GU280_gp01,"ID=cds-YP_009724389.1;Parent=gene-GU280_gp01;Dbxref=Genbank:YP_009724389.1,GeneID:43740578;Name=YP_009724389.1;Note=pp1ab%3B translated by -1 ribosomal frameshift;exception=ribosomal slippage;gbkey=CDS;gene=ORF1ab;locus_tag=GU280_gp01;part=1;product=ORF1ab polyprotein;protein_id=YP_009724389.1",ID=id-YP_009724389.1:819..2763;Note=former nsp1%3B conserved domains are: N-terminal acidic (Ac)%2C predicted phosphoesterase%2C papain-like proteinase%2C Y-domain%2C transmembrane domain 1 (TM1)%2C adenosine diphosphate-ribose 1''-phosphatase (ADRP)%3B produced by both pp1a and pp1ab;Parent=cds-YP_009724389.1;gbkey=Prot;product=nsp3;protein_id=YP_009725299.1,"ID=cds-YP_009725295.1;Parent=gene-GU280_gp01;Dbxref=Genbank:YP_009725295.1,GeneID:43740578;Name=YP_009725295.1;Note=pp1a;gbkey=CDS;gene=ORF1ab;locus_tag=GU280_gp01;product=ORF1a polyprotein;protein_id=YP_009725295.1",ID=id-YP_009725295.1:819..2763;Note=former nsp1%3B conserved domains are: N-terminal acidic (Ac)%2C predicted phosphoesterase%2C papain-like proteinase%2C Y-domain%2C transmembrane domain 1 (TM1)%2C adenosine diphosphate-ribose 1''-phosphatase (ADRP)%3B produced by both pp1a and pp1ab;Parent=cds-YP_009725295.1;gbkey=Prot;product=nsp3;protein_id=YP_009742610.1
12,Range=6337-6401,ID=gene-GU280_gp01;Dbxref=GeneID:43740578;Name=ORF1ab;gbkey=Gene;gene=ORF1ab;gene_biotype=protein_coding;locus_tag=GU280_gp01,"ID=cds-YP_009724389.1;Parent=gene-GU280_gp01;Dbxref=Genbank:YP_009724389.1,GeneID:43740578;Name=YP_009724389.1;Note=pp1ab%3B translated by -1 ribosomal frameshift;exception=ribosomal slippage;gbkey=CDS;gene=ORF1ab;locus_tag=GU280_gp01;part=1;product=ORF1ab polyprotein;protein_id=YP_009724389.1",ID=id-YP_009724389.1:819..2763;Note=former nsp1%3B conserved domains are: N-terminal acidic (Ac)%2C predicted phosphoesterase%2C papain-like proteinase%2C Y-domain%2C transmembrane domain 1 (TM1)%2C adenosine diphosphate-ribose 1''-phosphatase (ADRP)%3B produced by both pp1a and pp1ab;Parent=cds-YP_009724389.1;gbkey=Prot;product=nsp3;protein_id=YP_009725299.1,"ID=cds-YP_009725295.1;Parent=gene-GU280_gp01;Dbxref=Genbank:YP_009725295.1,GeneID:43740578;Name=YP_009725295.1;Note=pp1a;gbkey=CDS;gene=ORF1ab;locus_tag=GU280_gp01;product=ORF1a polyprotein;protein_id=YP_009725295.1",ID=id-YP_009725295.1:819..2763;Note=former nsp1%3B conserved domains are: N-terminal acidic (Ac)%2C predicted phosphoesterase%2C papain-like proteinase%2C Y-domain%2C transmembrane domain 1 (TM1)%2C adenosine diphosphate-ribose 1''-phosphatase (ADRP)%3B produced by both pp1a and pp1ab;Parent=cds-YP_009725295.1;gbkey=Prot;product=nsp3;protein_id=YP_009742610.1
13,Range=6403-6458,ID=gene-GU280_gp01;Dbxref=GeneID:43740578;Name=ORF1ab;gbkey=Gene;gene=ORF1ab;gene_biotype=protein_coding;locus_tag=GU280_gp01,"ID=cds-YP_009724389.1;Parent=gene-GU280_gp01;Dbxref=Genbank:YP_009724389.1,GeneID:43740578;Name=YP_009724389.1;Note=pp1ab%3B translated by -1 ribosomal frameshift;exception=ribosomal slippage;gbkey=CDS;gene=ORF1ab;locus_tag=GU280_gp01;part=1;product=ORF1ab polyprotein;protein_id=YP_009724389.1",ID=id-YP_009724389.1:819..2763;Note=former nsp1%3B conserved domains are: N-terminal acidic (Ac)%2C predicted phosphoesterase%2C papain-like proteinase%2C Y-domain%2C transmembrane domain 1 (TM1)%2C adenosine diphosphate-ribose 1''-phosphatase (ADRP)%3B produced by both pp1a and pp1ab;Parent=cds-YP_009724389.1;gbkey=Prot;product=nsp3;protein_id=YP_009725299.1,"ID=cds-YP_009725295.1;Parent=gene-GU280_gp01;Dbxref=Genbank:YP_009725295.1,GeneID:43740578;Name=YP_009725295.1;Note=pp1a;gbkey=CDS;gene=ORF1ab;locus_tag=GU280_gp01;product=ORF1a polyprotein;protein_id=YP_009725295.1",ID=id-YP_009725295.1:819..2763;Note=former nsp1%3B conserved domains are: N-terminal acidic (Ac)%2C predicted phosphoesterase%2C papain-like proteinase%2C Y-domain%2C transmembrane domain 1 (TM1)%2C adenosine diphosphate-ribose 1''-phosphatase (ADRP)%3B produced by both pp1a and pp1ab;Parent=cds-YP_009725295.1;gbkey=Prot;product=nsp3;protein_id=YP_009742610.1
14,Range=6460-8781,ID=gene-GU280_gp01;Dbxref=GeneID:43740578;Name=ORF1ab;gbkey=Gene;gene=ORF1ab;gene_biotype=protein_coding;locus_tag=GU280_gp01,"ID=cds-YP_009724389.1;Parent=gene-GU280_gp01;Dbxref=Genbank:YP_009724389.1,GeneID:43740578;Name=YP_009724389.1;Note=pp1ab%3B translated by -1 ribosomal frameshift;exception=ribosomal slippage;gbkey=CDS;gene=ORF1ab;locus_tag=GU280_gp01;part=1;product=ORF1ab polyprotein;protein_id=YP_009724389.1","ID=cds-YP_009725295.1;Parent=gene-GU280_gp01;Dbxref=Genbank:YP_009725295.1,GeneID:43740578;Name=YP_009725295.1;Note=pp1a;gbkey=CDS;gene=ORF1ab;locus_tag=GU280_gp01;product=ORF1a polyprotein;protein_id=YP_009725295.1",,
15,Range=8783-9482,ID=gene-GU280_gp01;Dbxref=GeneID:43740578;Name=ORF1ab;gbkey=Gene;gene=ORF1ab;gene_biotype=protein_coding;locus_tag=GU280_gp01,"ID=cds-YP_009724389.1;Parent=gene-GU280_gp01;Dbxref=Genbank:YP_009724389.1,GeneID:43740578;Name=YP_009724389.1;Note=pp1ab%3B translated by -1 ribosomal frameshift;exception=ribosomal slippage;gbkey=CDS;gene=ORF1ab;locus_tag=GU280_gp01;part=1;product=ORF1ab polyprotein;protein_id=YP_009724389.1",ID=id-YP_009724389.1:2764..3263;Note=nsp4B_TM%3B contains transmembrane domain 2 (TM2)%3B produced by both pp1a and pp1ab;Parent=cds-YP_009724389.1;gbkey=Prot;product=nsp4;protein_id=YP_009725300.1,"ID=cds-YP_009725295.1;Parent=gene-GU280_gp01;Dbxref=Genbank:YP_009725295.1,GeneID:43740578;Name=YP_009725295.1;Note=pp1a;gbkey=CDS;gene=ORF1ab;locus_tag=GU280_gp01;product=ORF1a polyprotein;protein_id=YP_009725295.1",ID=id-YP_009725295.1:2764..3263;Note=nsp4B_TM%3B contains transmembrane domain 2 (TM2)%3B produced by both pp1a and pp1ab;Parent=cds-YP_009725295.1;gbkey=Prot;product=nsp4;protein_id=YP_009742611.1
16,Range=9484-9508,ID=gene-GU280_gp01;Dbxref=GeneID:43740578;Name=ORF1ab;gbkey=Gene;gene=ORF1ab;gene_biotype=protein_coding;locus_tag=GU280_gp01,"ID=cds-YP_009724389.1;Parent=gene-GU280_gp01;Dbxref=Genbank:YP_009724389.1,GeneID:43740578;Name=YP_009724389.1;Note=pp1ab%3B translated by -1 ribosomal frameshift;exception=ribosomal slippage;gbkey=CDS;gene=ORF1ab;locus_tag=GU280_gp01;part=1;product=ORF1ab polyprotein;protein_id=YP_009724389.1",ID=id-YP_009724389.1:2764..3263;Note=nsp4B_TM%3B contains transmembrane domain 2 (TM2)%3B produced by both pp1a and pp1ab;Parent=cds-YP_009724389.1;gbkey=Prot;product=nsp4;protein_id=YP_009725300.1,"ID=cds-YP_009725295.1;Parent=gene-GU280_gp01;Dbxref=Genbank:YP_009725295.1,GeneID:43740578;Name=YP_009725295.1;Note=pp1a;gbkey=CDS;gene=ORF1ab;locus_tag=GU280_gp01;product=ORF1a polyprotein;protein_id=YP_009725295.1",ID=id-YP_009725295.1:2764..3263;Note=nsp4B_TM%3B contains transmembrane domain 2 (TM2)%3B produced by both pp1a and pp1ab;Parent=cds-YP_009725295.1;gbkey=Prot;product=nsp4;protein_id=YP_009742611.1
17,Range=9510-10322,ID=gene-GU280_gp01;Dbxref=GeneID:43740578;Name=ORF1ab;gbkey=Gene;gene=ORF1ab;gene_biotype=protein_coding;locus_tag=GU280_gp01,"ID=cds-YP_009724389.1;Parent=gene-GU280_gp01;Dbxref=Genbank:YP_009724389.1,GeneID:43740578;Name=YP_009724389.1;Note=pp1ab%3B translated by -1 ribosomal frameshift;exception=ribosomal slippage;gbkey=CDS;gene=ORF1ab;locus_tag=GU280_gp01;part=1;product=ORF1ab polyprotein;protein_id=YP_009724389.1","ID=cds-YP_009725295.1;Parent=gene-GU280_gp01;Dbxref=Genbank:YP_009725295.1,GeneID:43740578;Name=YP_009725295.1;Note=pp1a;gbkey=CDS;gene=ORF1ab;locus_tag=GU280_gp01;product=ORF1a polyprotein;protein_id=YP_009725295.1",,
18,Range=10324-10863,ID=gene-GU280_gp01;Dbxref=GeneID:43740578;Name=ORF1ab;gbkey=Gene;gene=ORF1ab;gene_biotype=protein_coding;locus_tag=GU280_gp01,"ID=cds-YP_009724389.1;Parent=gene-GU280_gp01;Dbxref=Genbank:YP_009724389.1,GeneID:43740578;Name=YP_009724389.1;Note=pp1ab%3B translated by -1 ribosomal frameshift;exception=ribosomal slippage;gbkey=CDS;gene=ORF1ab;locus_tag=GU280_gp01;part=1;product=ORF1ab polyprotein;protein_id=YP_009724389.1",ID=id-YP_009724389.1:3264..3569;Note=nsp5A_3CLpro and nsp5B_3CLpro%3B main proteinase (Mpro)%3B mediates cleavages downstream of nsp4. 3D structure of the SARSr-CoV homolog has been determined (Yang et al.%2C 2003)%3B produced by both pp1a and pp1ab;Parent=cds-YP_009724389.1;gbkey=Prot;product=3C-like proteinase;protein_id=YP_009725301.1,"ID=cds-YP_009725295.1;Parent=gene-GU280_gp01;Dbxref=Genbank:YP_009725295.1,GeneID:43740578;Name=YP_009725295.1;Note=pp1a;gbkey=CDS;gene=ORF1ab;locus_tag=GU280_gp01;product=ORF1a polyprotein;protein_id=YP_009725295.1",ID=id-YP_009725295.1:3264..3569;Note=nsp5A_3CLpro and nsp5B_3CLpro%3B main proteinase (Mpro)%3B mediates cleavages downstream of nsp4. 3D structure of the SARSr-CoV homolog has been determined (Yang et al.%2C 2003)%3B produced by both pp1a and pp1ab;Parent=cds-YP_009725295.1;gbkey=Prot;product=3C-like proteinase;protein_id=YP_009742612.1
19,Range=10865-11082,ID=gene-GU280_gp01;Dbxref=GeneID:43740578;Name=ORF1ab;gbkey=Gene;gene=ORF1ab;gene_biotype=protein_coding;locus_tag=GU280_gp01,"ID=cds-YP_009724389.1;Parent=gene-GU280_gp01;Dbxref=Genbank:YP_009724389.1,GeneID:43740578;Name=YP_009724389.1;Note=pp1ab%3B translated by -1 ribosomal frameshift;exception=ribosomal slippage;gbkey=CDS;gene=ORF1ab;locus_tag=GU280_gp01;part=1;product=ORF1ab polyprotein;protein_id=YP_009724389.1","ID=cds-YP_009725295.1;Parent=gene-GU280_gp01;Dbxref=Genbank:YP_009725295.1,GeneID:43740578;Name=YP_009725295.1;Note=pp1a;gbkey=CDS;gene=ORF1ab;locus_tag=GU280_gp01;product=ORF1a polyprotein;protein_id=YP_009725295.1",,
20,Range=11084-11990,ID=gene-GU280_gp01;Dbxref=GeneID:43740578;Name=ORF1ab;gbkey=Gene;gene=ORF1ab;gene_biotype=protein_coding;locus_tag=GU280_gp01,"ID=cds-YP_009724389.1;Parent=gene-GU280_gp01;Dbxref=Genbank:YP_009724389.1,GeneID:43740578;Name=YP_009724389.1;Note=pp1ab%3B translated by -1 ribosomal frameshift;exception=ribosomal slippage;gbkey=CDS;gene=ORF1ab;locus_tag=GU280_gp01;part=1;product=ORF1ab polyprotein;protein_id=YP_009724389.1","ID=cds-YP_009725295.1;Parent=gene-GU280_gp01;Dbxref=Genbank:YP_009725295.1,GeneID:43740578;Name=YP_009725295.1;Note=pp1a;gbkey=CDS;gene=ORF1ab;locus_tag=GU280_gp01;product=ORF1a polyprotein;protein_id=YP_009725295.1",,
21,Range=11992-12877,ID=gene-GU280_gp01;Dbxref=GeneID:43740578;Name=ORF1ab;gbkey=Gene;gene=ORF1ab;gene_biotype=protein_coding;locus_tag=GU280_gp01,"ID=cds-YP_009724389.1;Parent=gene-GU280_gp01;Dbxref=Genbank:YP_009724389.1,GeneID:43740578;Name=YP_009724389.1;Note=pp1ab%3B translated by -1 ribosomal frameshift;exception=ribosomal slippage;gbkey=CDS;gene=ORF1ab;locus_tag=GU280_gp01;part=1;product=ORF1ab polyprotein;protein_id=YP_009724389.1","ID=cds-YP_009725295.1;Parent=gene-GU280_gp01;Dbxref=Genbank:YP_009725295.1,GeneID:43740578;Name=YP_009725295.1;Note=pp1a;gbkey=CDS;gene=ORF1ab;locus_tag=GU280_gp01;product=ORF1a polyprotein;protein_id=YP_009725295.1",,
22,Range=12879-14361,ID=gene-GU280_gp01;Dbxref=GeneID:43740578;Name=ORF1ab;gbkey=Gene;gene=ORF1ab;gene_biotype=protein_coding;locus_tag=GU280_gp01,,,,
23,Range=14363-14407,ID=gene-GU280_gp01;Dbxref=GeneID:43740578;Name=ORF1ab;gbkey=Gene;gene=ORF1ab;gene_biotype=protein_coding;locus_tag=GU280_gp01,"ID=cds-YP_009724389.1;Parent=gene-GU280_gp01;Dbxref=Genbank:YP_009724389.1,GeneID:43740578;Name=YP_009724389.1;Note=pp1ab%3B translated by -1 ribosomal frameshift;exception=ribosomal slippage;gbkey=CDS;gene=ORF1ab;locus_tag=GU280_gp01;part=2;product=ORF1ab polyprotein;protein_id=YP_009724389.1",ID=id-YP_009724389.1:4393..5324;Note=nsp12%3B NiRAN and RdRp%3B produced by pp1ab only;Parent=cds-YP_009724389.1;gbkey=Prot;product=RNA-dependent RNA polymerase;protein_id=YP_009725307.1,,
24,Range=14409-15906,ID=gene-GU280_gp01;Dbxref=GeneID:43740578;Name=ORF1ab;gbkey=Gene;gene=ORF1ab;gene_biotype=protein_coding;locus_tag=GU280_gp01,"ID=cds-YP_009724389.1;Parent=gene-GU280_gp01;Dbxref=Genbank:YP_009724389.1,GeneID:43740578;Name=YP_009724389.1;Note=pp1ab%3B translated by -1 ribosomal frameshift;exception=ribosomal slippage;gbkey=CDS;gene=ORF1ab;locus_tag=GU280_gp01;part=2;product=ORF1ab polyprotein;protein_id=YP_009724389.1",ID=id-YP_009724389.1:4393..5324;Note=nsp12%3B NiRAN and RdRp%3B produced by pp1ab only;Parent=cds-YP_009724389.1;gbkey=Prot;product=RNA-dependent RNA polymerase;protein_id=YP_009725307.1,,
25,Range=15908-16376,ID=gene-GU280_gp01;Dbxref=GeneID:43740578;Name=ORF1ab;gbkey=Gene;gene=ORF1ab;gene_biotype=protein_coding;locus_tag=GU280_gp01,"ID=cds-YP_009724389.1;Parent=gene-GU280_gp01;Dbxref=Genbank:YP_009724389.1,GeneID:43740578;Name=YP_009724389.1;Note=pp1ab%3B translated by -1 ribosomal frameshift;exception=ribosomal slippage;gbkey=CDS;gene=ORF1ab;locus_tag=GU280_gp01;part=2;product=ORF1ab polyprotein;protein_id=YP_009724389.1",,,
26,Range=16378-17090,ID=gene-GU280_gp01;Dbxref=GeneID:43740578;Name=ORF1ab;gbkey=Gene;gene=ORF1ab;gene_biotype=protein_coding;locus_tag=GU280_gp01,"ID=cds-YP_009724389.1;Parent=gene-GU280_gp01;Dbxref=Genbank:YP_009724389.1,GeneID:43740578;Name=YP_009724389.1;Note=pp1ab%3B translated by -1 ribosomal frameshift;exception=ribosomal slippage;gbkey=CDS;gene=ORF1ab;locus_tag=GU280_gp01;part=2;product=ORF1ab polyprotein;protein_id=YP_009724389.1",ID=id-YP_009724389.1:5325..5925;Note=nsp13_ZBD%2C nsp13_TB%2C and nsp_HEL1core%3B zinc-binding domain (ZD)%2C NTPase/helicase domain (HEL)%2C RNA 5'-triphosphatase%3B produced by pp1ab only;Parent=cds-YP_009724389.1;gbkey=Prot;product=helicase;protein_id=YP_009725308.1,,
27,Range=17092-17122,ID=gene-GU280_gp01;Dbxref=GeneID:43740578;Name=ORF1ab;gbkey=Gene;gene=ORF1ab;gene_biotype=protein_coding;locus_tag=GU280_gp01,"ID=cds-YP_009724389.1;Parent=gene-GU280_gp01;Dbxref=Genbank:YP_009724389.1,GeneID:43740578;Name=YP_009724389.1;Note=pp1ab%3B translated by -1 ribosomal frameshift;exception=ribosomal slippage;gbkey=CDS;gene=ORF1ab;locus_tag=GU280_gp01;part=2;product=ORF1ab polyprotein;protein_id=YP_009724389.1",ID=id-YP_009724389.1:5325..5925;Note=nsp13_ZBD%2C nsp13_TB%2C and nsp_HEL1core%3B zinc-binding domain (ZD)%2C NTPase/helicase domain (HEL)%2C RNA 5'-triphosphatase%3B produced by pp1ab only;Parent=cds-YP_009724389.1;gbkey=Prot;product=helicase;protein_id=YP_009725308.1,,
28,Range=17124-18876,ID=gene-GU280_gp01;Dbxref=GeneID:43740578;Name=ORF1ab;gbkey=Gene;gene=ORF1ab;gene_biotype=protein_coding;locus_tag=GU280_gp01,"ID=cds-YP_009724389.1;Parent=gene-GU280_gp01;Dbxref=Genbank:YP_009724389.1,GeneID:43740578;Name=YP_009724389.1;Note=pp1ab%3B translated by -1 ribosomal frameshift;exception=ribosomal slippage;gbkey=CDS;gene=ORF1ab;locus_tag=GU280_gp01;part=2;product=ORF1ab polyprotein;protein_id=YP_009724389.1",,,
29,Range=18878-19465,ID=gene-GU280_gp01;Dbxref=GeneID:43740578;Name=ORF1ab;gbkey=Gene;gene=ORF1ab;gene_biotype=protein_coding;locus_tag=GU280_gp01,"ID=cds-YP_009724389.1;Parent=gene-GU280_gp01;Dbxref=Genbank:YP_009724389.1,GeneID:43740578;Name=YP_009724389.1;Note=pp1ab%3B translated by -1 ribosomal frameshift;exception=ribosomal slippage;gbkey=CDS;gene=ORF1ab;locus_tag=GU280_gp01;part=2;product=ORF1ab polyprotein;protein_id=YP_009724389.1",ID=id-YP_009724389.1:5926..6452;Note=nsp14A2_ExoN and nsp14B_NMT%3B produced by pp1ab only;Parent=cds-YP_009724389.1;gbkey=Prot;product=3'-to-5' exonuclease;protein_id=YP_009725309.1,,
30,Range=19467-20267,ID=gene-GU280_gp01;Dbxref=GeneID:43740578;Name=ORF1ab;gbkey=Gene;gene=ORF1ab;gene_biotype=protein_coding;locus_tag=GU280_gp01,"ID=cds-YP_009724389.1;Parent=gene-GU280_gp01;Dbxref=Genbank:YP_009724389.1,GeneID:43740578;Name=YP_009724389.1;Note=pp1ab%3B translated by -1 ribosomal frameshift;exception=ribosomal slippage;gbkey=CDS;gene=ORF1ab;locus_tag=GU280_gp01;part=2;product=ORF1ab polyprotein;protein_id=YP_009724389.1",,,
31,Range=20269-20886,ID=gene-GU280_gp01;Dbxref=GeneID:43740578;Name=ORF1ab;gbkey=Gene;gene=ORF1ab;gene_biotype=protein_coding;locus_tag=GU280_gp01,"ID=cds-YP_009724389.1;Parent=gene-GU280_gp01;Dbxref=Genbank:YP_009724389.1,GeneID:43740578;Name=YP_009724389.1;Note=pp1ab%3B translated by -1 ribosomal frameshift;exception=ribosomal slippage;gbkey=CDS;gene=ORF1ab;locus_tag=GU280_gp01;part=2;product=ORF1ab polyprotein;protein_id=YP_009724389.1",,,
32,Range=20888-21626,,,,,
33,Range=21628-21643,ID=gene-GU280_gp02;Dbxref=GeneID:43740568;Name=S;gbkey=Gene;gene=S;gene_biotype=protein_coding;gene_synonym=spike glycoprotein;locus_tag=GU280_gp02,"ID=cds-YP_009724390.1;Parent=gene-GU280_gp02;Dbxref=Genbank:YP_009724390.1,GeneID:43740568;Name=YP_009724390.1;Note=structural protein%3B spike protein;gbkey=CDS;gene=S;locus_tag=GU280_gp02;product=surface glycoprotein;protein_id=YP_009724390.1",,,
34,Range=21645-21799,ID=gene-GU280_gp02;Dbxref=GeneID:43740568;Name=S;gbkey=Gene;gene=S;gene_biotype=protein_coding;gene_synonym=spike glycoprotein;locus_tag=GU280_gp02,"ID=cds-YP_009724390.1;Parent=gene-GU280_gp02;Dbxref=Genbank:YP_009724390.1,GeneID:43740568;Name=YP_009724390.1;Note=structural protein%3B spike protein;gbkey=CDS;gene=S;locus_tag=GU280_gp02;product=surface glycoprotein;protein_id=YP_009724390.1",,,
35,Range=21801-22017,ID=gene-GU280_gp02;Dbxref=GeneID:43740568;Name=S;gbkey=Gene;gene=S;gene_biotype=protein_coding;gene_synonym=spike glycoprotein;locus_tag=GU280_gp02,"ID=cds-YP_009724390.1;Parent=gene-GU280_gp02;Dbxref=Genbank:YP_009724390.1,GeneID:43740568;Name=YP_009724390.1;Note=structural protein%3B spike protein;gbkey=CDS;gene=S;locus_tag=GU280_gp02;product=surface glycoprotein;protein_id=YP_009724390.1",,,
36,Range=22019-22383,ID=gene-GU280_gp02;Dbxref=GeneID:43740568;Name=S;gbkey=Gene;gene=S;gene_biotype=protein_coding;gene_synonym=spike glycoprotein;locus_tag=GU280_gp02,"ID=cds-YP_009724390.1;Parent=gene-GU280_gp02;Dbxref=Genbank:YP_009724390.1,GeneID:43740568;Name=YP_009724390.1;Note=structural protein%3B spike protein;gbkey=CDS;gene=S;locus_tag=GU280_gp02;product=surface glycoprotein;protein_id=YP_009724390.1",,,
37,Range=22482-23402,ID=gene-GU280_gp02;Dbxref=GeneID:43740568;Name=S;gbkey=Gene;gene=S;gene_biotype=protein_coding;gene_synonym=spike glycoprotein;locus_tag=GU280_gp02,"ID=cds-YP_009724390.1;Parent=gene-GU280_gp02;Dbxref=Genbank:YP_009724390.1,GeneID:43740568;Name=YP_009724390.1;Note=structural protein%3B spike protein;gbkey=CDS;gene=S;locus_tag=GU280_gp02;product=surface glycoprotein;protein_id=YP_009724390.1",,,
38,Range=23404-24324,ID=gene-GU280_gp02;Dbxref=GeneID:43740568;Name=S;gbkey=Gene;gene=S;gene_biotype=protein_coding;gene_synonym=spike glycoprotein;locus_tag=GU280_gp02,"ID=cds-YP_009724390.1;Parent=gene-GU280_gp02;Dbxref=Genbank:YP_009724390.1,GeneID:43740568;Name=YP_009724390.1;Note=structural protein%3B spike protein;gbkey=CDS;gene=S;locus_tag=GU280_gp02;product=surface glycoprotein;protein_id=YP_009724390.1",,,
39,Range=24326-24348,ID=gene-GU280_gp02;Dbxref=GeneID:43740568;Name=S;gbkey=Gene;gene=S;gene_biotype=protein_coding;gene_synonym=spike glycoprotein;locus_tag=GU280_gp02,"ID=cds-YP_009724390.1;Parent=gene-GU280_gp02;Dbxref=Genbank:YP_009724390.1,GeneID:43740568;Name=YP_009724390.1;Note=structural protein%3B spike protein;gbkey=CDS;gene=S;locus_tag=GU280_gp02;product=surface glycoprotein;protein_id=YP_009724390.1",,,
40,Range=24350-25243,ID=gene-GU280_gp02;Dbxref=GeneID:43740568;Name=S;gbkey=Gene;gene=S;gene_biotype=protein_coding;gene_synonym=spike glycoprotein;locus_tag=GU280_gp02,"ID=cds-YP_009724390.1;Parent=gene-GU280_gp02;Dbxref=Genbank:YP_009724390.1,GeneID:43740568;Name=YP_009724390.1;Note=structural protein%3B spike protein;gbkey=CDS;gene=S;locus_tag=GU280_gp02;product=surface glycoprotein;protein_id=YP_009724390.1",,,
41,Range=25245-25562,,,,,
42,Range=25564-26256,,,,,
43,Range=26258-26371,ID=gene-GU280_gp04;Dbxref=GeneID:43740570;Name=E;gbkey=Gene;gene=E;gene_biotype=protein_coding;locus_tag=GU280_gp04,"ID=cds-YP_009724392.1;Parent=gene-GU280_gp04;Dbxref=Genbank:YP_009724392.1,GeneID:43740570;Name=YP_009724392.1;Note=ORF4%3B structural protein%3B E protein;gbkey=CDS;gene=E;locus_tag=GU280_gp04;product=envelope protein;protein_id=YP_009724392.1",,,
44,Range=26373-26680,,,,,
45,Range=26682-26734,ID=gene-GU280_gp05;Dbxref=GeneID:43740571;Name=M;gbkey=Gene;gene=M;gene_biotype=protein_coding;locus_tag=GU280_gp05,"ID=cds-YP_009724393.1;Parent=gene-GU280_gp05;Dbxref=Genbank:YP_009724393.1,GeneID:43740571;Name=YP_009724393.1;Note=ORF5%3B structural protein;gbkey=CDS;gene=M;locus_tag=GU280_gp05;product=membrane glycoprotein;protein_id=YP_009724393.1",,,
46,Range=26736-27889,,,,,
47,Range=27891-28026,,,,,
48,Range=28028-28143,ID=gene-GU280_gp09;Dbxref=GeneID:43740577;Name=ORF8;gbkey=Gene;gene=ORF8;gene_biotype=protein_coding;locus_tag=GU280_gp09,"ID=cds-YP_009724396.1;Parent=gene-GU280_gp09;Dbxref=Genbank:YP_009724396.1,GeneID:43740577;Name=YP_009724396.1;gbkey=CDS;gene=ORF8;locus_tag=GU280_gp09;product=ORF8 protein;protein_id=YP_009724396.1",,,
49,Range=28145-28190,ID=gene-GU280_gp09;Dbxref=GeneID:43740577;Name=ORF8;gbkey=Gene;gene=ORF8;gene_biotype=protein_coding;locus_tag=GU280_gp09,"ID=cds-YP_009724396.1;Parent=gene-GU280_gp09;Dbxref=Genbank:YP_009724396.1,GeneID:43740577;Name=YP_009724396.1;gbkey=CDS;gene=ORF8;locus_tag=GU280_gp09;product=ORF8 protein;protein_id=YP_009724396.1",,,
50,Range=28192-28271,,,,,
51,Range=28273-28687,,,,,
52,Range=28689-28696,ID=gene-GU280_gp10;Dbxref=GeneID:43740575;Name=N;gbkey=Gene;gene=N;gene_biotype=protein_coding;locus_tag=GU280_gp10,"ID=cds-YP_009724397.2;Parent=gene-GU280_gp10;Dbxref=Genbank:YP_009724397.2,GeneID:43740575;Name=YP_009724397.2;Note=ORF9%3B structural protein;gbkey=CDS;gene=N;locus_tag=GU280_gp10;product=nucleocapsid phosphoprotein;protein_id=YP_009724397.2",,,
53,Range=28698-28829,ID=gene-GU280_gp10;Dbxref=GeneID:43740575;Name=N;gbkey=Gene;gene=N;gene_biotype=protein_coding;locus_tag=GU280_gp10,"ID=cds-YP_009724397.2;Parent=gene-GU280_gp10;Dbxref=Genbank:YP_009724397.2,GeneID:43740575;Name=YP_009724397.2;Note=ORF9%3B structural protein;gbkey=CDS;gene=N;locus_tag=GU280_gp10;product=nucleocapsid phosphoprotein;protein_id=YP_009724397.2",,,
54,Range=28831-28880,ID=gene-GU280_gp10;Dbxref=GeneID:43740575;Name=N;gbkey=Gene;gene=N;gene_biotype=protein_coding;locus_tag=GU280_gp10,"ID=cds-YP_009724397.2;Parent=gene-GU280_gp10;Dbxref=Genbank:YP_009724397.2,GeneID:43740575;Name=YP_009724397.2;Note=ORF9%3B structural protein;gbkey=CDS;gene=N;locus_tag=GU280_gp10;product=nucleocapsid phosphoprotein;protein_id=YP_009724397.2",,,
55,Range=28884-28886,ID=gene-GU280_gp10;Dbxref=GeneID:43740575;Name=N;gbkey=Gene;gene=N;gene_biotype=protein_coding;locus_tag=GU280_gp10,"ID=cds-YP_009724397.2;Parent=gene-GU280_gp10;Dbxref=Genbank:YP_009724397.2,GeneID:43740575;Name=YP_009724397.2;Note=ORF9%3B structural protein;gbkey=CDS;gene=N;locus_tag=GU280_gp10;product=nucleocapsid phosphoprotein;protein_id=YP_009724397.2",,,
56,Range=28888-28974,ID=gene-GU280_gp10;Dbxref=GeneID:43740575;Name=N;gbkey=Gene;gene=N;gene_biotype=protein_coding;locus_tag=GU280_gp10,"ID=cds-YP_009724397.2;Parent=gene-GU280_gp10;Dbxref=Genbank:YP_009724397.2,GeneID:43740575;Name=YP_009724397.2;Note=ORF9%3B structural protein;gbkey=CDS;gene=N;locus_tag=GU280_gp10;product=nucleocapsid phosphoprotein;protein_id=YP_009724397.2",,,
57,Range=28976-29369,ID=gene-GU280_gp10;Dbxref=GeneID:43740575;Name=N;gbkey=Gene;gene=N;gene_biotype=protein_coding;locus_tag=GU280_gp10,"ID=cds-YP_009724397.2;Parent=gene-GU280_gp10;Dbxref=Genbank:YP_009724397.2,GeneID:43740575;Name=YP_009724397.2;Note=ORF9%3B structural protein;gbkey=CDS;gene=N;locus_tag=GU280_gp10;product=nucleocapsid phosphoprotein;protein_id=YP_009724397.2",,,
58,Range=29371-29407,ID=gene-GU280_gp10;Dbxref=GeneID:43740575;Name=N;gbkey=Gene;gene=N;gene_biotype=protein_coding;locus_tag=GU280_gp10,"ID=cds-YP_009724397.2;Parent=gene-GU280_gp10;Dbxref=Genbank:YP_009724397.2,GeneID:43740575;Name=YP_009724397.2;Note=ORF9%3B structural protein;gbkey=CDS;gene=N;locus_tag=GU280_gp10;product=nucleocapsid phosphoprotein;protein_id=YP_009724397.2",,,
59,Range=29409-29689,,,,,
60,Range=29691-29741,ID=id-NC_045512.2:29675..29903;gbkey=3'UTR,,,,
